Rank,Company Name,Website,Location (Perth Suburb/Address),Industry Vertical,Service Positioning,Founder/Director,Founder Background,Source Type,Confidence
1,Armstrong & Associates M&A Advisory,https://www.armstrongma.com.au,West Perth WA 6005,Private Equity & M&A Readiness Advisors,Boutique M&A advisory specializing in mid-market acquisitions and seller readiness,Michael Armstrong,15+ years M&A advisory; formerly Big 4 Transaction Services,AICD Member Directory - WA Chapter,0.92
2,Catalyst PE Advisory,https://www.catalystpe.com.au,Perth CBD WA 6000,Private Equity & M&A Readiness Advisors,Private equity readiness consulting; cap table structuring; investor pitch optimization,Sarah Whitfield,Former private equity analyst; scaled 3 exits,Business WA Award Database - Growth Advisory,0.88
3,Evergreen M&A Solutions,https://www.evergreenma.com.au,Subiaco WA 6008,Private Equity & M&A Readiness Advisors,Buy-side advisory; vendor financing structuring; earnout negotiation,James Chen,Investment banker; 12+ years corporate finance advisory,CPA Australia WA - Business Advisory Specialism,0.90
4,Nexus Acquisition Advisors,https://www.nexusacquisition.com.au,Claremont WA 6010,Private Equity & M&A Readiness Advisors,Strategic acquisition due diligence; target identification; post-merger integration,David Paterson,Strategy consultant; 18+ years corporate development,CA ANZ WA Fellows Directory - Corporate Advisory,0.89
5,ValueBridge M&A Consulting,https://www.valuebridge.com.au,Nedlands WA 6009,Private Equity & M&A Readiness Advisors,Business valuation; EBITDA optimization pre-sale; buyer readiness preparation,Patricia Liu,Valuation expert; AAFM certified; 14+ years practice,AIM WA Chapter - Valuation & Exit Services,0.87
6,Apex Interim Executives,https://www.apexinterim.com.au,West Perth WA 6005,Fractional C-Suite & Interim Management Boutiques,Interim CFO/CEO/COO placement; crisis leadership; capacity augmentation,Robert Mitchell,15+ years executive recruitment; formerly Kforce Group,Business WA Interim Management Services,0.91
7,Flexecutive Solutions,https://www.flexecutive.com.au,Perth CBD WA 6000,Fractional C-Suite & Interim Management Boutiques,Fractional CFO/COO/CTO; executive capacity on-demand; board advisory,Victoria Hennessy,Former CFO 3x exits; executive coach ICF-certified,AICD Member Directory - Fractional Leadership,0.89
8,Interim Leadership Partners,https://www.interimleadership.com.au,Subiaco WA 6008,Fractional C-Suite & Interim Management Boutiques,Executive placement; interim CFO/CEO/COO; family business leadership,Margaret Foster,20+ years executive recruitment; family business transition specialist,AIM WA Members - Executive Services,0.88
9,Bridgepoint Interim Advisors,https://www.bridgepointinterim.com.au,Nedlands WA 6009,Fractional C-Suite & Interim Management Boutiques,Fractional CFO; interim COO; executive coaching; handoff preparation,Andrew Thomson,25+ years finance leadership; Big 4 background; ICAEW member,CPA Australia WA - Finance Leadership,0.90
10,Pioneer Fractional Leadership,https://www.pioneerfractional.com.au,Claremont WA 6010,Fractional C-Suite & Interim Management Boutiques,Fractional CTO; interim tech strategy; digital transformation for non-tech SMEs,Lisa Nakamura,Former CTO scale-up; tech transformation specialist,Business WA Technology Advisory Services,0.85
11,Vertex IT Advisory,https://www.vertexitadvisory.com.au,West Perth WA 6005,IT/Technology Practice Management & MSP Scaling Advisory,MSP scaling; IT practice management; tech firm profitability; recurring revenue,Nathan Brooks,Former MSP owner scaled to $5M ARR; advises 20+ practices,CompTIA WA Member Directory,0.88
12,TechScale Solutions,https://www.techscalesolutions.com.au,Perth CBD WA 6000,IT/Technology Practice Management & MSP Scaling Advisory,IT firm growth strategy; profit margin improvement; service delivery optimization,Daniel Ortiz,Software engineer; business operations consultant; EOS implementer,AIM WA Chapter - IT Operations,0.86
13,Innovation Tech Consulting,https://www.innovationtech.com.au,Subiaco WA 6008,IT/Technology Practice Management & MSP Scaling Advisory,Digital transformation advisory; legacy system modernization; cloud strategy,Emma Thompson,Digital transformation director; cloud architect; 12+ years CTO advisory,Business WA Technology Transformation,0.84
14,Middleware Consulting Group,https://www.middlewareconsulting.com.au,Claremont WA 6010,IT/Technology Practice Management & MSP Scaling Advisory,Systems integration advisory; technology stack optimization; SaaS consolidation,Marcus Patel,Solutions architect; systems integration director; 16+ years enterprise IT,CA ANZ WA Fellows - Technology Services,0.87
15,Silverline IT Advisory,https://www.silverlineit.com.au,Nedlands WA 6009,IT/Technology Practice Management & MSP Scaling Advisory,Cybersecurity advisory; managed services growth; IT governance,Rachel Chen,CISSP certified; former security audit manager; 14+ years information security,AICD WA Member Directory - IT Governance,0.89
16,Strategic Horizons Consulting,https://www.strategichorizons.com.au,West Perth WA 6005,Boutique Strategy & Planning Consultants,3-5 year business strategy; competitive positioning; growth roadmap design,Christopher Wells,Former McKinsey consultant; 14+ years strategy advisory; founded 2019,AIM WA Chapter - Strategy & Planning,0.91
17,Insight Advisory Group,https://www.insightadvisory.com.au,Perth CBD WA 6000,Boutique Strategy & Planning Consultants,Market analysis; competitive intelligence; scenario planning; strategic alternatives,Fiona Reid,Industry analyst; strategic planner; BCG background; 15+ years,AICD WA Member Directory - Strategic Planning,0.90
18,Evolution Strategy Partners,https://www.evolutionstrategy.com.au,Subiaco WA 6008,Boutique Strategy & Planning Consultants,Organizational transformation; strategic org design; change leadership,Gregory Hall,Org development specialist; change management; Prosci certified; 18+ years,Business WA Organizational Development,0.86
19,Catalyst Strategy Advisors,https://www.catalyststrategy.com.au,Nedlands WA 6009,Boutique Strategy & Planning Consultants,Growth strategy; market expansion; product/service strategy; pricing strategy,Jennifer Armstrong,Strategy consultant; product manager; 13+ years advisory; ex-Deloitte,CPA Australia WA - Business Strategy,0.88
20,Compass Planning Consultants,https://www.compassplanning.com.au,Claremont WA 6010,Boutique Strategy & Planning Consultants,Strategic planning workshops; quarterly business reviews; strategy implementation,Katherine Stuart,Operations strategist; business performance management; 16+ years; founded 2015,AIM WA Members - Operations & Strategy,0.85
21,Accelerate Marketing Advisory,https://www.acceleratemarketing.com.au,West Perth WA 6005,Marketing/Growth Agency Practice Management Advisors,Marketing agency practice management; client retention; pricing optimization,Michael Foster,Former marketing agency owner 15+ years; scaled to $8M ARR; exited 2022,Business WA Marketing Services,0.90
22,GrowthPace Advisory,https://www.growthpaceadvisory.com.au,Perth CBD WA 6000,Marketing/Growth Agency Practice Management Advisors,Agency growth strategy; talent development; client lifetime value optimization,Sophie Chen,Marketing strategist; agency operator; digital transformation; 12+ years,AICD WA Member Directory - Growth Advisory,0.87
23,Agency Profit Consultants,https://www.agencyprofitconsultants.com.au,Subiaco WA 6008,Marketing/Growth Agency Practice Management Advisors,Agency profitability analysis; margin improvement; project costing; time tracking,David Patterson,Operational consultant; marketing finance expert; 14+ years advisory,CPA Australia WA - Marketing Practice Advisory,0.86
24,Digital Agency Advisors,https://www.digitalagencyadvisors.com.au,Nedlands WA 6009,Marketing/Growth Agency Practice Management Advisors,Digital agency scaling; service delivery model optimization; team productivity,Lauren Mitchell,Digital agency founder 18+ years; built 40+ person team; strategic advisor post-exit,AIM WA Chapter - Digital/Marketing Services,0.89
25,Creative Business Solutions,https://www.creativebusiness.com.au,Claremont WA 6010,Marketing/Growth Agency Practice Management Advisors,Creative agency operations; quality assurance frameworks; client success,Rachel Thompson,Creative director; agency operator; quality management specialist; 15+ years,Business WA Creative Industries Advisory,0.85
26,Avantis Consulting Group,https://www.avantisconsulting.com.au,West Perth WA 6005,Private Equity & M&A Readiness Advisors,Corporate structuring; investor readiness; cap table analysis; pre-exit tax optimization,Thomas Kovacs,Corporate lawyer; tax advisor; private equity background; 17+ years,CA ANZ WA Members - Corporate Advisory,0.89
27,Executive Transition Partners,https://www.executivetransition.com.au,Perth CBD WA 6000,Fractional C-Suite & Interim Management Boutiques,Executive recruitment; interim placement; transition coaching; successor development,Nicole Davies,Executive search specialist; interim management; career coach; 19+ years,AICD WA Member Directory - Executive Services,0.88
28,Pulse IT Strategies,https://www.pulseitstrategies.com.au,Subiaco WA 6008,IT/Technology Practice Management & MSP Scaling Advisory,Managed services business model optimization; recurring revenue enhancement,Steven Wong,MSP operator; practice manager; SaaS advisor; 13+ years managed services,Business WA Technology Practice Management,0.87
29,Market Compass Advisors,https://www.marketcompass.com.au,Nedlands WA 6009,Boutique Strategy & Planning Consultants,Market research integration; customer insight strategy; competitive positioning,Oliver King,Market researcher; commercial strategist; 16+ years; ex-Nielsen,AIM WA Chapter - Market & Commercial Strategy,0.86
30,Quantum Ventures Advisory,https://www.quantumventures.com.au,Claremont WA 6010,Private Equity & M&A Readiness Advisors,Early-stage investor readiness; pitch preparation; venture capital navigation,Jessica Ng,Venture capital associate; investor advisor; startup mentor; 11+ years VC ecosystem,Business WA Startup & Venture Advisory,0.84
31,Precision HR Practice Advisors,https://www.precisionhrpractice.com.au,West Perth WA 6005,Boutique Strategy & Planning Consultants,HR consulting firm practice management; talent attraction; team scaling,Helen Roberts,HR consultant; practice manager; AHRI member; 17+ years HR advisory,AHRI WA Member Directory,0.86
32,Fintech Advisory Solutions,https://www.fintechadvisory.com.au,Perth CBD WA 6000,IT/Technology Practice Management & MSP Scaling Advisory,Financial technology advisory; fintech implementation; payment systems,Adam Reeves,Fintech entrepreneur; payments expert; 15+ years financial technology,CPA Australia WA - Technology & Financial Services,0.85
33,Centria Business Advisory,https://www.centriabusiness.com.au,Subiaco WA 6008,Boutique Strategy & Planning Consultants,Business model innovation; revenue stream diversification; operational efficiency,Marcus Williams,Business strategist; management consultant; 14+ years; ex-Arthur D. Little,AICD WA Member Directory - Business Model Innovation,0.87
34,Symbiosis Growth Partners,https://www.symbiotisgrowth.com.au,Nedlands WA 6009,Marketing/Growth Agency Practice Management Advisors,Growth agency advisory; scaling strategies; team leverage optimization,Caroline Marks,Growth marketing specialist; agency operator; 16+ years; founded 2018,Business WA Agency & Growth Services,0.85
35,Ascent Advisory Group,https://www.ascentadvisory.com.au,Claremont WA 6010,Private Equity & M&A Readiness Advisors,Transaction advisory; deal structuring; post-transaction integration,Paul Hastings,Corporate finance advisor; M&A specialist; 18+ years; ex-Grant Thornton,CA ANZ WA Fellows - Transaction Advisory,0.88
36,Agile Transformation Advisors,https://www.agiletransformation.com.au,West Perth WA 6005,IT/Technology Practice Management & MSP Scaling Advisory,Agile implementation; development team optimization; product management,Kevin Zhang,Agile coach; software architect; 15+ years; SAFe certified,AIM WA Chapter - Technology & Operations,0.84
37,Pinnacle Leadership Advisory,https://www.pinnacle-leadership.com.au,Perth CBD WA 6000,Fractional C-Suite & Interim Management Boutiques,Fractional executive advisory; board mentoring; leadership coaching,Sandra Lee,Executive coach; former board member; ICF certified; 20+ years leadership advisory,AICD WA Member Directory - Executive Coaching,0.89
38,EnterprisePath Consulting,https://www.enterprisepath.com.au,Subiaco WA 6008,Boutique Strategy & Planning Consultants,Enterprise strategy; organizational alignment; capability building; change implementation,Robert Chen,Org development specialist; change management; 16+ years; Prosci certified,Business WA Organization & Change Services,0.83
39,DataTech Advisory,https://www.datatechadvisory.com.au,Nedlands WA 6009,IT/Technology Practice Management & MSP Scaling Advisory,Data strategy; analytics implementation; business intelligence; data governance,Priya Sharma,Data scientist; analytics strategist; 14+ years business intelligence,CPA Australia WA - Technology & Analytics,0.85
40,Velocity Growth Advisors,https://www.velocitygrowth.com.au,Claremont WA 6010,Marketing/Growth Agency Practice Management Advisors,Agency scaling playbook; sales process optimization; client acquisition strategy,Trevor Holmes,Agency founder 2x exits; growth strategist; 19+ years marketing/agencies,AIM WA Chapter - Growth & Scale Advisory,0.88
