Company Name,Service Type,Location,Founder/Leadership,Website,Phone,Email,Specialization,Price Range,Key Differentiator
Match Point Accounting,Fractional CFO,South Perth WA 6151,Colin Napier,https://matchpointaccounting.com.au/,(08) 6163 0220,info@matchpointaccounting.com.au,SMBs/Startups,Flexible hourly/fixed fees,Recent founder (2024) with ASX-listed CFO background
Your Financial Controller,Fractional CFO,Balcatta WA 6021,Kevin Mackmin,https://www.yourfinancialcontroller.com.au/services/fractional-cfo/,0418 784 729,N/A,SMBs/Startups,From $1500/month,Largest local operator (60+ businesses); no contracts
360 Fox,Fractional CFO,Perth CBD WA,Karan Patel,https://360fox.com.au/,N/A,N/A,Construction/Trade/Mining,$3500-$10000/month,Trade and construction industry expertise
OURCFO,Fractional CFO,Elizabeth Quay Perth WA 6000,Greg Smargiassi,https://ourcfo.com.au/,N/A,N/A,SMEs/Property/Construction/Dental/Plumbing,N/A,CFOs partnered with data analysts
Metric Corporate Services,Fractional CFO,Perth WA,Not disclosed,https://metriccs.com.au/fractional-cfo,N/A,N/A,All SMBs,N/A,Comprehensive governance and business transformation
Scale Suite,Fractional CFO,Sydney (serves Perth),Not disclosed,https://www.scalesuite.com.au/services/perth-fractional-cfo,N/A,hello@scalesuite.com.au,All,2500-6000/month,Chartered accountants; Xero Gold Partner
CFO On Call,Fractional CFO,Perth/National,Multiple CFO partners,https://cfooncall.com.au/,N/A,N/A,Marine/Oil & Gas/Government,Flexible fixed-fee,72-hour availability; face-to-face and virtual
McKinley Plowman CFO2GO,Fractional CFO,Joondalup WA,Nigel Plowman; Murray McKinley,https://www.mckinleyplowman.com.au/services/cfo2go/,N/A,N/A,All,N/A,Established 1997; part-time cost with full-time focus
Six Degrees Executive,Interim Management,Melbourne HQ (Perth office),Suzie McInerney (CEO); Paul Hallam; Nick Hindhaugh; David Braham,https://www.sixdegreesexecutive.com.au/,+61 3 8613 3500,N/A,Accounting/Finance/Digital/Engineering/Marketing/Ops/Tech,N/A,Award-winning Australian firm; established 2004
Future Leadership,Interim Management,Melbourne HQ,Adam Kyriacou (Managing Partner); Josh Mullens (Partner); Martin Searle,https://futureleadership.com.au/,1300 347 437,info@futureleadership.com.au,All,Project-specific,72-hour interim CEO/CFO availability
Omera Partners,Interim Management,Sydney HQ,Danny Hodgson; Jayde Stokes; Ann-Marie Mooney,https://www.omerapartners.com/,N/A,N/A,Operations/Finance/Tech/Communications/Supply Chain,N/A,Australia's largest privately-owned executive search
Derwent Search,Interim Management,Perth (Level 29; 1 Spring St),Lindsay Every; Michelle Gardiner; Julie Colvin,https://www.derwentsearch.com.au/,+61 8 9282 5250,perth@derwentsearch.com.au,All sectors,N/A,28+ years experience; Perth office established
Interim Executive Search,Interim Management,NSW (serves nationally),Not disclosed,https://interimexecs.com.au/,N/A,N/A,All,N/A,NSW Govt Talent Acquisition Scheme approved
PeopleStart HR,Interim Management,West Perth HQ,Directors not named,https://www.peoplestart.com.au/,1300 134 110,N/A,All,N/A,West Perth HQ; multi-city presence
Palisade Business Consulting,Business Advisory,Perth CBD WA 6000,Not disclosed,https://pbconsult.com.au/,+61 8 9328 6262,info@pbconsult.com.au,SME corporate,N/A,Boutique firm; distressed business support
Origin Business Consultants,Business Advisory,West Perth WA 6005,Jeremy Wolf; Anthony Dyson; Anthony Hawkins,https://www.originbc.com.au/,(08) 6373 2562,info@originbc.com.au,SME/Startup,~$300 +GST/hour,Indigenous-owned; Supply Nation Certified
M2 Corporate,Business Advisory,Mt Pleasant WA 6153,Mace; Lin,https://www.m2corporate.com.au/,(08) 9468 7777,admin@m2corporate.com.au,SME/Family business,~$300 +GST/hour,No long-term contracts; transparent hourly
Lawrence Group,Business Advisory,Perth WA,Not disclosed,https://lawrencegroup.net.au/,N/A,N/A,SME,N/A,Cash flow improvement specialist
Superior Business + Tax,Business Advisory,Perth WA,Not disclosed,https://www.superiorbt.com.au/,N/A,N/A,SME,N/A,Smart business advisory for SMEs
CSG Talent,Executive Recruitment,Sydney HQ (Perth office),Not disclosed,https://www.csgtalent.com/,+61 2 9137 4140,info@csgtalent.com.au,All,N/A,Global network; 50+ countries
Scotford Fennessy,Executive Recruitment,Perth WA,Not disclosed,https://www.scotfordfennessy.com.au/,N/A,N/A,C-level/Executive,N/A,Nearly 20 years experience; Perth specialist
Robert Half,Executive Recruitment,Perth CBD,N/A,https://www.roberthalf.com/au/en/,(08) 6430 6805,N/A,Finance/Tech/Business support/HR/Marketing,N/A,70+ years global; Fortune's Most Admired
Brooker Consulting,Executive Recruitment,Melbourne,Not disclosed,https://brookerconsulting.com.au/,+61 3 9602 1666,career@brookerconsulting.com.au,Not-for-profit/Health/Education/Biotech,N/A,25 years experience; not-for-profit specialist
Integral Global,Executive Coaching,Perth CBD WA 6000,Jeroen van Dalen; Jill Dare; Hannah Fitzhardinge,https://www.integral.global/,+61 8 9242 8122,admin@integral.global,All,N/A,500+ clients; 8.7/10 avg quality score
Change2020,Executive Coaching,Perth WA,Kerryn Fewster,https://change2020.com/,1800 790 904,contact@change2020.com,Mining/Infrastructure/Energy/Healthcare/Govt,N/A,Behavioral science-backed; WA sector focus
Margo Halbert Coaching,Executive Coaching,Perth,Margo Halbert,https://margohalbert.com.au/,+61 419 997 440,margo@margohalbert.com.au,All (Fortune 500 clients),N/A,Award-winning; works with Chevron/Shell/BHP
Keogh Consulting,Executive Coaching,Perth WA 6000,Mel Russell-Lane; Ian Geddes,https://keoghconsulting.com.au/,1800 453 644,hello@keoghconsulting.com.au,All,$4-8 ROI/dollar,Evidence-based; psychological safety focus
Chris Jackson Coaching,Executive Coaching,Perth,Chris Jackson,https://chrisjacksoncoaching.com/,N/A,N/A,All,N/A,Transformational leadership focus
Allura Partners,Multi-Service (Fractional/Interim),Sydney/Melbourne (national),Not disclosed,https://www.allurapartners.com.au/,+61 2 9000 5400,enquiry@allurapartners.com.au,PE/ASX-listed/Private,N/A,Fractional management + interim + executive search
