Company Name,Website,Location,ERP Platforms,Specialization,Profile,Years in Business,Source URL
365 Solutions Consulting,https://www.365solutionsconsulting.com/,Perth WA,"Dynamics 365, Oracle, SAP",ERP implementation & project recovery,Leading independent system selection and ERP implementation business in Perth,,https://www.365solutionsconsulting.com/
Precise Business Solutions,https://precisebusiness.com/,Perth WA,"Epicor, SAP, MS Dynamics",Premium Epicor Partner for manufacturers/aged care/trade,Leading provider with 30 years experience,30,https://precisebusiness.com/erp-solutions-perth/
NFORM,https://nform.com.au/,Perth Australia,"SAP, Epicor, MS Dynamics",ERP system support and implementation,ERP system support Perth and globally,,https://nform.com.au/erp-system-support/
Integral Management,https://integral-mgt.com.au/,Western Australia,"Dynamics 365, Business Central, CRM",Microsoft Business Central & Dynamics 365 SME-focused,Consulting/implementation/training/support - 9yr avg partnerships,1989,https://integral-mgt.com.au/
iCatalyst,https://icatalyst.com.au/,"Perth, Melbourne, Brisbane, Sydney","D365 Business Central, Finance & Supply Chain, Customer Engagement, Power Platform",Microsoft Business Applications,Australian owned - personalized implementation approach,,https://icatalyst.com.au/
Wolfe Systems,https://wolfesystems.com.au/,Perth WA,"D365 Business Central, Sales, Customer Service, Field Service",Full-suite Dynamics 365 implementations,Certified consultants for complete D365 implementations,,https://wolfesystems.com.au/microsoft-dynamics-365-partner-perth/
Concetto Labs,https://www.concettolabs.com/,Perth,"Dynamics 365",Dynamics 365 consulting and implementations,Industry-leading Microsoft Dynamics Partner Perth,,https://www.concettolabs.com/services/microsoft-dynamics-365-consultants-perth/
Dapth,https://dapth.com/,Perth,"Dynamics 365",MS Dynamics implementation,Local Perth developers for MS Dynamics,,https://dapth.com/technology/microsoft-dynamics
Solution Minds Consulting,https://www.sm-c.com.au/,Australia & New Zealand,"Multiple ERP platforms, Enterprise software",Independent ERP advisory and digital transformations,100% independent ERP advisory - strategic partner not software seller,,https://www.sm-c.com.au/
Full Circle Partners,https://www.fullcirclepartners.com.au/,"Perth and Singapore","SAP, Oracle, ERP systems",Business systems integration and cloud transitions,Specialist experience SAP/Oracle and on-premise to cloud,,https://www.fullcirclepartners.com.au/
Tech Engine Australia,https://techengine.au/,Australia,"Dynamics 365",Dynamics 365 support and consulting,Microsoft Dynamics 365 consulting provider,,https://techengine.au/microsoft-dynamics/
