Company Name,Confidence Score,Confidence Tier,Website,Location Suburb,Postcode,Phone,Email,Primary Services,Founder/Leader,Years Experience,Pricing Model,Clients Served,Industries Served,Boutique Status,Team Size Estimate,ABN,LinkedIn Page,Key Differentiators,Outreach Priority
Match Point Accounting,0.95,HIGH (0.8-1.0),https://matchpointaccounting.com.au,South Perth,6151,(08) 6163 0220,info@matchpointaccounting.com.au,Fractional CFO; Virtual CFO; Interim CFO; Strategic Financial Advisory; Board Advisory,Colin Napier,35+,Daily/Weekly/Monthly/Project-Based,Unknown,Mining Services; Technology; Manufacturing; Professional Services,Yes,4-8,Unknown,linkedin.com/company/match-point-accounting/,Recent founder (2024) with ASX-listed CFO background,Tier 1
Your Financial Controller,0.93,HIGH (0.8-1.0),https://www.yourfinancialcontroller.com.au/services/fractional-cfo/,Balcatta,6021,0418 784 729,Not Listed,Interim CFO; Fractional CFO; Virtual CFO; Cash Flow Optimization; ERP Implementation,Kevin Mackmin,30+,$1500/month (no contracts),60+,SMBs in Perth & WA,Yes,6-12,36 800 355 112,Not Listed,Largest local operator (60+ businesses); transparent hourly pricing,Tier 1
360 Fox,0.92,HIGH (0.8-1.0),https://360fox.com.au/,Perth CBD,6000,+61 403 810 410,support@360fox.com.au,Fractional CFO; Outsourced CFO; Virtual CFO; Cash Flow Forecasting; Budget Planning,Karan Patel,40+ combined,$3500-$10000/month,Unknown,Construction; Trade & Contracting; Professional Services; Manufacturing; Mining; NDIS,Yes,4-8,Unknown,Not Listed,Trade and construction industry specialist; senior CFO thinking for part-time,Tier 1
OURCFO,0.91,HIGH (0.8-1.0),https://ourcfo.com.au/,Elizabeth Quay,6000,Not Listed,Via contact form,Consulting CFO Services; Outsourced Financial Solutions; Financial Strategy; Data Analysis,Greg Smargiassi,Unknown,Project-Based,Unknown,Property; Construction; Dental; Plumbing,Yes,3-6,Unknown,linkedin.com/company/ourcfo,Integrated advisor model (CFOs + data analysts); premium location,Tier 1
M2 Corporate,0.90,HIGH (0.8-1.0),https://www.m2corporate.com.au/,Mt Pleasant,6153,(08) 9468 7777,admin@m2corporate.com.au,Business Advisory; Outsourced CFO; Fractional CFO; Accounting & Taxation,Mace Turco; Lin,15+,$300+GST/hour (no contracts),Unknown,SMEs; Family Businesses,Yes,3-6,Unknown,Not Listed,Award-winning advisor; transparent hourly pricing; Xero Gold Partner,Tier 1
Metric Corporate Services,0.85,HIGH (0.8-1.0),https://metriccs.com.au/fractional-cfo,Perth,WA,Not Listed,Via contact form,Fractional CFO; Bookkeeping; Company Secretary; Strategy; Business Transformation,Not Disclosed,Unknown,Project-Based,Unknown,All SMBs,Yes,Unknown,Unknown,Not Listed,Comprehensive governance services; business transformation focus,Tier 1
CFO On Call,0.88,HIGH (0.8-1.0),https://cfooncall.com.au/,Perth (Australia-wide virtual),Various,Not Listed,Via website,Interim CFO; Virtual CFO; Interim Head of Finance; Project-based CFO,Multiple CFO partners,15+ each,Flexible Fixed-Fee,Unknown,Marine Services; Oil & Gas; Government,Yes,Network Model,Unknown,Not Listed,Niche sector focus (marine; oil & gas); 72-hour deployment,Tier 1
McKinley Plowman CFO2GO,0.87,HIGH (0.8-1.0),https://www.mckinleyplowman.com.au/services/cfo2go/,Joondalup,6027,Not Listed,Via website,CFO2GO (Part-time CFO); Management Reporting; Business Advisory; Accounting,Nigel Plowman; Murray McKinley; Ben Teti,30+ (Established 1997),Part-time/Project-Based,Unknown,All SMBs,Yes,5-10,Unknown,Not Listed,30-year operating history; part-time cost with full-time focus,Tier 1
Red Jacket Consulting,0.86,MEDIUM-HIGH (0.65-0.79),https://redjacket.net.au,Perth,WA,Not Listed,Via website,Strategic Planning & Execution; Business Improvement; People Development; Training; Risk Assessment,John McLean,25+ (Founded 2013),Project-Based,Unknown,All SMBs,Yes,Unknown,Unknown,Not Listed,Strategic planning focus; business improvement and governance training,Tier 1
Palisade Business Consulting,0.82,MEDIUM-HIGH (0.65-0.79),https://pbconsult.com.au/,Perth CBD,6000,+61 8 9328 6262,info@pbconsult.com.au,Financial Reporting; Governance; Regulatory Compliance; Business Strategy; Corporate Advisory,Not Disclosed,Unknown,Project-Based,Unknown,SMEs; Corporates,Yes,3-6,34 145 743 666,Not Listed,Distressed business support; governance and compliance focus,Tier 1
Origin Business Consultants,0.84,MEDIUM-HIGH (0.65-0.79),https://www.originbc.com.au/,West Perth,6005,(08) 6373 2562,info@originbc.com.au,Accounting & Tax; Business Advisory; CFO Services; Grant Writing; Corporate Secretarial,Jeremy Wolf; Anthony Dyson; Anthony Hawkins,15+,~$300+GST/hour,Unknown,SMEs; Startups,Yes (Indigenous-Owned),4-8,Unknown,Not Listed,Indigenous-owned; strong grant writing and R&D tax focus,Tier 1
Lothbury Advisory,0.83,MEDIUM-HIGH (0.65-0.79),https://lothbury.com.au,Mosman Park,6012,+61 (0)417 738 874,charles@lothbury.com.au,M&A; Business Sales; Capital Raising; Debt Financing; Valuations; Private Equity Transactions,Charles MacKinnon,50+,Project-Based,Unknown,SMEs; Family Businesses; Private Equity,Yes,Unknown,72 113 292 710,Not Listed,50+ years investment banking experience; M&A and corporate advisory,Tier 1
Derwent Search,0.78,MEDIUM-HIGH (0.65-0.79),https://www.derwentsearch.com.au/,Perth (Level 29; 1 Spring St),6000,+61 8 9282 5250,perth@derwentsearch.com.au,Board Recruitment; Executive Search; Interim Executive Solutions; Office of the CFO,Lindsay Every; Michelle Gardiner; Julie Colvin,28+,Project-Based,Unknown,All sectors,Yes,10-15,Unknown,Not Listed,Interim executive specialty; 28+ years experience; Perth office,Tier 2
Six Degrees Executive,0.76,MEDIUM-HIGH (0.65-0.79),https://www.sixdegreesexecutive.com.au/,Melbourne HQ (Perth office),Various,+61 3 8613 3500,Not Listed,Interim Executive Solutions; Executive Search; Recruitment; Talent Consulting,Suzie McInerney (CEO); Paul Hallam (Founder); Nick Hindhaugh (Founder),22+ (Founded 2004),Project-Based,Unknown,Accounting & Finance; Digital; Engineering; Marketing; Operations,Yes,15-25,Unknown,Not Listed,Award-winning Australian firm; multi-location; interim expertise,Tier 2
Future Leadership,0.75,MEDIUM-HIGH (0.65-0.79),https://futureleadership.com.au/,Melbourne HQ (serves Perth),Various,1300 347 437,info@futureleadership.com.au,Executive Search; Interim Executive Placements; Leadership Development; Organizational Transformation,Adam Kyriacou (Managing Partner); Josh Mullens (Partner),15+,Project-Specific,Unknown,All sectors,Yes,8-12,20 614 292 974,Not Listed,72-hour interim CEO/CFO deployment capability,Tier 2
Omera Partners,0.74,MEDIUM-HIGH (0.65-0.79),https://www.omerapartners.com/,Sydney HQ (serves Australia),Various,Not Listed,Via website,Interim Management; Board Selection & Advisory; Executive Search,Danny Hodgson (Partner); Jayde Stokes (Partner); Ann-Marie Mooney,25+,Project-Based,Unknown,Operations; Finance; Technology; Communications; Supply Chain,Yes,12-18,88 100 585 555,Not Listed,Australia's largest privately-owned executive search firm,Tier 2
PeopleStart HR Consultants,0.73,MEDIUM-HIGH (0.65-0.79),https://www.peoplestart.com.au/,West Perth,6005,1300 134 110,Not Listed,Executive Search; Interim Executive Recruitment; Board Recruitment; HR Services,Not Named,20+,Project-Based,Unknown,All sectors,Yes,8-15,Unknown,Not Listed,West Perth HQ; multi-city presence; interim recruitment specialty,Tier 2
Scale Suite,0.70,MEDIUM-HIGH (0.65-0.79),https://www.scalesuite.com.au/services/perth-fractional-cfo,Sydney (serves Perth),Various,Not Listed,hello@scalesuite.com.au,$2500-6000/month,$2500-6000/month,Unknown,SMEs,Yes,Unknown,16 684 424 771,Not Listed,Sydney-based but explicitly serves Perth market,Tier 2
Change2020,0.69,MEDIUM-HIGH (0.65-0.79),https://change2020.com/,Perth (primary office),WA,1800 790 904,contact@change2020.com,Executive Coaching; Leadership Coaching; Workplace Culture Consulting; M&A Advisory; Organizational Development,Kerryn Fewster (Founder),25+,Project-Specific,Unknown,Mining; Infrastructure; Energy; Healthcare; Government,Yes,6-12,Unknown,Not Listed,Behavioral science-backed; WA sector focus (mining; energy),Tier 2
Integral Global,0.68,MEDIUM-HIGH (0.65-0.79),https://www.integral.global/,Perth CBD,6000,+61 8 9242 8122,admin@integral.global,Executive & C-suite Coaching; Leadership Training; Organizational Development; Leadership Qualifications,Jeroen van Dalen (CEO); Jill Dare (Director); Hannah Fitzhardinge (Director),20+,Project-Specific,500+,All sectors,Yes,8-15,Unknown,Not Listed,500+ client organizations; 8.7/10 avg program quality; RTO Registered,Tier 2
Keogh Consulting,0.67,MEDIUM-HIGH (0.65-0.79),https://keoghconsulting.com.au/,Perth (Level 3; 9 The Esplanade),6000,1800 453 644,hello@keoghconsulting.com.au,Executive Coaching; Strategic Planning; Organizational Transformation; Board Alignment; Psychological Safety,Mel Russell-Lane (Senior Consultant); Ian Geddes (Executive Coach),20+,$4-8 ROI/dollar,Unknown,All sectors,Yes,5-8,Not Listed,Not Listed,Evidence-based approach; psychological safety focus; research-backed ROI,Tier 2
Scotford Fennessy,0.65,MEDIUM (0.55-0.64),https://www.scotfordfennessy.com.au/,Perth,WA,Not Listed,Not Listed,Executive Search; C-level Recruitment (CEO; CFO; COO; CMO); Permanent Placement; Leadership Assessments,Not Disclosed,20,Project-Based,Unknown,C-level/Executive,Yes,5-10,Unknown,Not Listed,Perth specialist; nearly 20 years experience; four-phase recruitment process,Tier 2
Westcourt Consulting,0.64,MEDIUM (0.55-0.64),https://westcourt.com.au,Northbridge,6003,Not Listed,Not Listed,Accounting & Reporting; Tax Law Advisory; Forecasting & Planning; Succession & Estates,Not Disclosed,15+,Project-Based,Unknown,Private Businesses,Yes,Unknown,Unknown,Not Listed,Exit planning and succession advisory focus,Tier 3
Margo Halbert Executive Coaching,0.64,MEDIUM (0.55-0.64),https://margohalbert.com.au/,Perth,WA,+61 419 997 440,margo@margohalbert.com.au,Executive Coaching & Leadership Development; Communication Strategy; 360 Feedback; Workshops,Margo Halbert (Award-winning coach),30+,Project-Specific,Fortune 500,All (Fortune 500 focus),Yes,1-3,Not Listed,Not Listed,Award-winning; Fortune 500 clientele (Chevron; Shell; BHP; Woodside),Tier 3
CSG Talent,0.63,MEDIUM (0.55-0.64),https://www.csgtalent.com/,Sydney HQ (Perth office),Various,+61 2 9137 4140,info@csgtalent.com.au,Executive Search; Contract & Interim Recruitment; Project RPO; Talent Strategy,Not Disclosed,20+,Project-Based,Unknown,All sectors,Yes,20+,Not Listed,Not Listed,Global network (50+ countries); Perth office established,Tier 3
Sternship Advisers,0.62,MEDIUM (0.55-0.64),https://sternship.com.au,Perth CBD,6000,08 9465 2724,info@sternship.com.au,M&A Advisory; Equity Capital Markets; Capital Raising; Debt Advisory,Neil Hamilton (Chairman); Tim Day (MD); Rob Hamilton (MD),20+ (Founded 2017),Project-Based,Unknown,ASX-listed; Private Equity; Private,Yes,10-15,Not Listed,Not Listed,Boutique Perth investment banking; UBS Perth team founders,Tier 3
Lawrence Group,0.61,MEDIUM (0.55-0.64),https://lawrencegroup.net.au/,Perth,WA,Not Listed,Not Listed,Business Advisory; Cash Flow Improvement; Business Tracking & Management,Not Disclosed,20+,Project-Based,Unknown,SMEs,Yes,Unknown,Unknown,Not Listed,Cash flow improvement specialist,Tier 3
Chris Jackson Coaching,0.61,MEDIUM (0.55-0.64),https://chrisjacksoncoaching.com/,Perth,WA,Not Listed,Not Listed,Personal/Life Coaching; Transformational Leadership Training; Organizational Change; Courses,Chris Jackson,15+,Project-Specific,Unknown,All sectors,Yes,1-3,Not Listed,Not Listed,Transformational leadership methodology,Tier 3
Superior Business + Tax,0.60,MEDIUM (0.55-0.64),https://www.superiorbt.com.au/,Perth,WA,Not Listed,Not Listed,Business Advisory Services; Business Consulting,Not Disclosed,20+,Project-Based,Unknown,SMEs,Yes,Unknown,Not Listed,Not Listed,Smart business advisory for SMEs,Tier 3
Allura Partners,0.59,MEDIUM (0.55-0.64),https://www.allurapartners.com.au/,Sydney/Melbourne (national),Various,+61 2 9000 5400,enquiry@allurapartners.com.au,Executive Search; Fractional Management; Interim Leadership Solutions; Board Recruitment,Not Disclosed,20+,Project-Based,Unknown,ASX-listed; Private Equity; Private,Yes,20+,Not Listed,Not Listed,Fractional management + interim + executive search integrated offering,Tier 3
