rank,company_name,website,location,leadership_name,leadership_contact,core_services,confidence,adapt_icp_fit,phone
1,ACS Consulting,https://acsconsulting.com.au/,Manitoba Court Joondalup Perth WA,Zoey,zoey@acsconsulting.com.au,Operations & Process Improvement; SME Data Analysis & Power BI; Strategy & Business Planning; Construction Estimation & Cost Consultancy,0.95,Excellent - owner-led SME systemization,0452 665 021
2,Perth Business Advisors,https://perthbusinessadvisors.com.au/,11 Tanah Close Kingsley Perth WA 6026,Brett Rice (MD); David Ridgway (Sales Lead),Sales training lead has 30+ years experience,Strategic Planning; Business Performance Optimization; Marketing Consulting; Sales Training; Organizational Behaviour,0.85,Good - construction services focus,0487 798 232
3,Business Success Educators,https://www.businesssuccesseducators.com.au/,Perth WA,Reuben (Construction Coach),Phone 08 9429 8894,Business Direction; Business Planning; Workload Control; Owner Support; Team Structure; Financial Clarity; Profit & Cashflow; Systems & Processes; Leadership,0.90,Excellent - construction coaching specialist,08 9429 8894
4,Elite Business Training Perth,https://www.elitebiz.com.au/,Perth WA,Stephen Kay (Owner/Coach),18+ years coaching experience,Business Coaching: Goals & Planning; Systems Development; Team Building; Financial Management & KPIs; Sales & Marketing,0.85,Good - explicit construction focus,N/A
5,UpScale Business Coaching,https://www.upscalecoaching.com.au/,Byron Bay NSW (serves Perth Australia-wide),Leadership team - 500+ clients,info@up-scale.me,Revenue Growth & Scaling; Talent Acquisition; Operational Efficiency; Lead Generation; Financial Management; Video Training; 1-on-1 Coaching,0.88,Excellent - construction scaling specialist,0483 909 337
6,Builders Business Blackbelt,https://buildersbusinessblackbelt.com.au/,Tasmania HQ + Perth coaches,Mick Hawes (Coach - 35+ years),[email protected],Builders Business Coach; Construction Business Coach; Tradies Business Coach - chaos control; systems building; scaling with freedom,0.90,Excellent - construction coaching,+61 488 825 501
7,SME Growth Services,https://smegrowthservices.com.au/,Level 25 108 St George Terrace Perth WA 6000,Don Robertson (MD),Construction services explicitly listed,Business Growth & Turnaround; Management Consulting; IT Services; Bookkeeping; Virtual CFO; Marketing,0.80,Good - SME construction focus,N/A
8,M2 Corporate,https://www.m2corporate.com.au/,Level 5 15 Ogilvie Road Mt Pleasant WA 6153,Mace Turco (Award winner),Direct senior advisor access,Business Advisory; Accounting & Tax; Bookkeeping; Corporate Compliance; Xero Support; Succession/Exit Planning,0.82,Good - construction client focus,N/A
9,Shape Management,https://www.shapemanagement.com.au/,Perth WA,Jan & Hopper; Cathy Hopper (Founders),Project and advisory expertise,Project Management & Advisory for construction/development - conception through operations,0.75,Moderate - project management + advisory,N/A
10,CityScape Group,https://www.cityscapegroup.au/,Unit 5 13 Mumford Place Balcatta WA 6021,Leadership not disclosed; 35+ years established,admin@cityscapegroup.com.au,ECI; Project Consulting; Design & Construct; Concrete Pumping; Formwork Solutions; Construction Advisory,0.70,Moderate - project consulting focus,0412 450 983
11,Cornerstone Construction Consultants,https://cornerstoneconstructionconsultants.com.au/,Western Australia,Leadership not disclosed; 4000+ buildings managed,Engineering and construction management expertise,Design Phase; Construction Phase; Project Management; Defects Assessment; Dispute Resolution,0.70,Moderate - technical advisory,N/A
12,BSP Construction Consultancy,https://www.bspconsultants.com.au/,North Beach WA 6920,Registered builders; 18+ years operating,North Beach PO Box,Building Inspections (3000+/year); Strata Inspections; Structural; Defect Reports; Project Management; Asbestos; Pre-Purchase,0.65,Low-moderate - inspection focused,N/A
13,Quarles Business and Financial Strategists,https://quarles.com.au/,907A Beaufort St Inglewood WA 6052,Leadership not disclosed; construction specialist,Integrated financial planning,Tax & Accounting; Financial Planning; Business Improvement; Financial Strategies; Estate Planning,0.72,Moderate - construction sector listed,N/A
14,The Entourage,https://www.the-entourage.com/,Australia-wide,Jack Delosa (Founder/CEO),100000+ business owners,1:1 Coaching; AI Implementation; Team Development; Private Community; Quarterly Intensives; 15+ Playbooks,0.72,Moderate - construction case study,N/A
15,Westcourt Private Business Accountants,https://westcourt.com.au/,2/116 Roe Street Northbridge WA 6003,Leadership not disclosed,Exit planning services,Accounting & Reporting; Tax Law; Forecasting; Succession & Estates; Exit Planning; Carbon Measurement,0.65,Low-moderate - exit planning,N/A
16,Constructive Building Consultants,https://www.constructivebc.com.au/,2/5 Supreme Loop Gnangara WA 6077,Building surveyors and engineers,Technical consultancy,Building Surveying; Structural Engineering; Energy Assessments; SDA Assessments; Access Consulting; BAL Assessments,0.60,Low - technical focus,N/A
